{
    "uvs":[[0.595165,0.649006,0.609163,0,0.721065,0.00874821,0.660685,0.659206,0.869845,0.668522,0.721065,0.0308678,0.885667,0,0.929802,0.665586,1,0.00614538,1,0.667736,0.0513013,0.66239,0,0.00285782,0.114618,0,0.103488,0.638324,0.26359,0.00869009,0.179258,0.653223,0.360894,0.0228733,0.242859,0.66239,0.434114,1,0.362308,0.896494,0.360894,0.752868,0.466638,0.659206,0.61675,0.664975,0.715939,0.770475,0.710377,0.912098,0.601736,1,0.509479,0.655527,0.457508,0.0162228,0.455764,0.659206,0.360894,0.0160736,0.123801,0.866717,0.0310651,0.854622,0,0.805951,0.000270429,0.723914,0.0505691,0.67013,0.1266,0.66239,0.192032,0.734961,0.192032,0.817946]],
    "metadata":{
        "generator":"io_three",
        "uvs":1,
        "version":3,
        "normals":16,
        "type":"Geometry",
        "materials":1,
        "vertices":16,
        "faces":20
    },
    "vertices":[0.0757945,-1.86429,-0.504615,0.0828107,1.57704,-0.869589,0.494329,-1.891,-0.289666,0.725804,1.55554,-0.719421,0.555785,-1.90796,0.00695528,1.01366,1.61718,0.0723483,0.409455,-1.93251,0.419556,0.762269,1.56457,0.746741,0.078816,-1.82063,0.605992,0.0626805,1.55625,1.03203,-0.297677,-1.88467,0.519219,-0.636949,1.55292,0.756239,-0.480506,-1.8746,0.0453316,-0.925322,1.56449,0.0573725,-0.334935,-1.89316,-0.372188,-0.637191,1.50311,-0.61326],
    "faces":[43,0,1,3,2,0,0,1,2,3,0,1,2,3,43,2,3,5,4,0,4,5,6,7,3,2,4,5,43,4,5,7,6,0,7,6,8,9,5,4,6,7,43,6,7,9,8,0,10,11,12,13,7,6,8,9,43,8,9,11,10,0,13,12,14,15,9,8,10,11,43,10,11,13,12,0,15,14,16,17,11,10,12,13,42,5,3,1,0,25,18,19,4,2,1,42,1,15,13,0,19,20,21,1,14,12,42,13,11,9,0,21,22,23,12,10,8,42,9,7,5,0,23,24,25,8,6,4,42,5,1,13,0,25,19,21,4,1,12,42,13,9,5,0,21,23,25,12,8,4,43,1,0,14,15,0,1,0,26,27,1,0,15,14,43,12,13,15,14,0,28,29,27,26,13,12,14,15,42,14,0,2,0,37,30,31,15,0,3,42,2,4,6,0,31,32,33,3,5,7,42,6,8,10,0,33,34,35,7,9,11,42,10,12,14,0,35,36,37,11,13,15,42,14,2,6,0,37,31,33,15,3,7,42,6,10,14,0,33,35,37,7,11,15],
    "normals":[-0.0138554,-0.653554,-0.756737,-0.0100406,0.624195,-0.781182,0.5862,0.547441,-0.597186,0.535874,-0.679708,-0.500778,0.789666,0.613361,0.0136418,0.704154,-0.709616,0.0240181,0.602313,0.572069,0.556719,0.51561,-0.720603,0.463515,0.0237434,0.584857,0.810755,0.0384228,-0.619373,0.784143,-0.573351,0.579547,0.579089,-0.525285,-0.664235,0.531785,-0.811975,0.583605,0.00778222,-0.740806,-0.671651,0.00488296,-0.583087,0.55208,-0.595965,-0.524552,-0.665365,-0.531114],
    "materials":[{
        "depthWrite":true,
        "doubleSided":false,
        "mapDiffuseWrap":["repeat","repeat"],
        "blending":1,
        "colorEmissive":[0,0,0],
        "wireframe":false,
        "mapDiffuseAnisotropy":1,
        "colorDiffuse":[0.64,0.64,0.64],
        "DbgColor":15658734,
        "DbgIndex":0,
        "shading":"lambert",
        "depthTest":true,
        "mapDiffuse":"torch-diffuse.png",
        "DbgName":"Material.001",
        "opacity":1,
        "transparent":false,
        "mapDiffuseRepeat":[1,1],
        "visible":true
    }]
}